{
    "epoch": 3.0,
    "eval_loss": 0.09716987609863281,
    "eval_runtime": 29.2578,
    "eval_samples_per_second": 42.655,
    "eval_steps_per_second": 5.332,
    "total_flos": 3.0175607561755034e+17,
    "train_loss": 0.3772489639385691,
    "train_runtime": 3543.0411,
    "train_samples_per_second": 14.358,
    "train_steps_per_second": 0.224
}