{
    "all": {
        "shannoEnt": 4.077869629022351
    },
    "O0": {
        "shannoEnt": 3.772560948431775
    },
    "O1": {
        "shannoEnt": 4.136222023706565
    },
    "O2": {
        "shannoEnt": 4.122291320060535
    },
    "O3": {
        "shannoEnt": 4.1417109293922545
    },
    "Os": {
        "shannoEnt": 4.14053410366264
    }
}