{
    "all": {
        "shannoEnt": 7.440897732864085
    },
    "O0": {
        "shannoEnt": 7.649037520112234
    },
    "O1": {
        "shannoEnt": 7.450191089991789
    },
    "O2": {
        "shannoEnt": 7.382182925988222
    },
    "O3": {
        "shannoEnt": 7.363843567366752
    },
    "Os": {
        "shannoEnt": 7.427904025906546
    }
}