{
    "predict_bleu-4": 63.333654166666676,
    "predict_model_preparation_time": 0.0037,
    "predict_rouge-1": 91.34615384615384,
    "predict_rouge-2": 0.0,
    "predict_rouge-l": 91.34615384615384,
    "predict_runtime": 272.7188,
    "predict_samples_per_second": 4.576,
    "predict_steps_per_second": 1.144
}