{
    "epoch": 2.9986492570914,
    "eval_loss": 0.022230178117752075,
    "eval_runtime": 283.4856,
    "eval_samples_per_second": 4.402,
    "eval_steps_per_second": 1.101,
    "total_flos": 1.21478010680629e+19,
    "train_loss": 0.18958157456141558,
    "train_runtime": 66863.5984,
    "train_samples_per_second": 1.594,
    "train_steps_per_second": 0.05
}