{
    "epoch": 2.9986492570914,
    "eval_loss": 0.022230178117752075,
    "eval_runtime": 283.4856,
    "eval_samples_per_second": 4.402,
    "eval_steps_per_second": 1.101
}