{
    "predict_bleu-4": 40.93608685897436,
    "predict_model_preparation_time": 0.0032,
    "predict_rouge-1": 61.37820512820513,
    "predict_rouge-2": 0.0,
    "predict_rouge-l": 61.37820512820513,
    "predict_runtime": 251.8215,
    "predict_samples_per_second": 4.956,
    "predict_steps_per_second": 1.239
}