{
    "epoch": 3.0,
    "eval_loss": 0.19466263055801392,
    "eval_runtime": 47.5351,
    "eval_samples_per_second": 26.254,
    "eval_steps_per_second": 3.282,
    "total_flos": 8.880815149804421e+17,
    "train_loss": 0.32266397011355036,
    "train_runtime": 5549.951,
    "train_samples_per_second": 9.166,
    "train_steps_per_second": 0.143
}