{
    "epoch": 3.0,
    "total_flos": 8.880815149804421e+17,
    "train_loss": 0.32266397011355036,
    "train_runtime": 5549.951,
    "train_samples_per_second": 9.166,
    "train_steps_per_second": 0.143
}