{
    "epoch": 3.0,
    "eval_loss": 0.19587360322475433,
    "eval_runtime": 322.182,
    "eval_samples_per_second": 3.874,
    "eval_steps_per_second": 0.968,
    "total_flos": 5.641587184944284e+18,
    "train_loss": 0.2537264397309261,
    "train_runtime": 38031.5772,
    "train_samples_per_second": 1.338,
    "train_steps_per_second": 0.042
}