{
    "epoch": 3.0,
    "eval_loss": 0.10528703778982162,
    "eval_runtime": 163.6156,
    "eval_samples_per_second": 7.628,
    "eval_steps_per_second": 0.953,
    "total_flos": 5.921229449717613e+18,
    "train_loss": 0.7088713000967818,
    "train_runtime": 19957.8713,
    "train_samples_per_second": 2.549,
    "train_steps_per_second": 0.04
}