{
    "predict_bleu-4": 39.93555128205128,
    "predict_model_preparation_time": 0.003,
    "predict_rouge-1": 59.69551282051282,
    "predict_rouge-2": 0.0,
    "predict_rouge-l": 59.69551282051282,
    "predict_runtime": 179.2333,
    "predict_samples_per_second": 6.963,
    "predict_steps_per_second": 1.16
}