{
    "epoch": 2.9986492570914,
    "eval_loss": 0.03183300420641899,
    "eval_runtime": 150.9867,
    "eval_samples_per_second": 8.266,
    "eval_steps_per_second": 2.066
}