{
    "epoch": 2.9986492570914,
    "total_flos": 1.9469946465298678e+18,
    "train_loss": 0.10441675054709296,
    "train_runtime": 27936.0771,
    "train_samples_per_second": 3.816,
    "train_steps_per_second": 0.119
}