{
    "epoch": 2.9986492570914,
    "eval_loss": 0.029447995126247406,
    "eval_runtime": 296.6177,
    "eval_samples_per_second": 4.207,
    "eval_steps_per_second": 1.052,
    "total_flos": 1.1270555891532825e+19,
    "train_loss": 0.2408901663371236,
    "train_runtime": 70942.599,
    "train_samples_per_second": 1.503,
    "train_steps_per_second": 0.047
}