{
    "epoch": 2.9986492570914,
    "eval_loss": 0.029447995126247406,
    "eval_runtime": 296.6177,
    "eval_samples_per_second": 4.207,
    "eval_steps_per_second": 1.052
}