{
    "predict_bleu-4": 42.814156490384626,
    "predict_model_preparation_time": 0.0048,
    "predict_rouge-1": 93.34935897435898,
    "predict_rouge-2": 0.0,
    "predict_rouge-l": 93.34935897435898,
    "predict_runtime": 357.4174,
    "predict_samples_per_second": 3.492,
    "predict_steps_per_second": 0.873
}