{
    "predict_bleu-4": 15.40064655448718,
    "predict_model_preparation_time": 0.0048,
    "predict_rouge-1": 54.56730769230769,
    "predict_rouge-2": 0.0,
    "predict_rouge-l": 54.56730769230769,
    "predict_runtime": 213.5567,
    "predict_samples_per_second": 5.844,
    "predict_steps_per_second": 1.461
}