{
    "predict_bleu-4": 61.56403461538462,
    "predict_model_preparation_time": 0.0025,
    "predict_rouge-1": 88.67521370192308,
    "predict_rouge-2": 0.0,
    "predict_rouge-l": 88.67521370192308,
    "predict_runtime": 184.3443,
    "predict_samples_per_second": 6.77,
    "predict_steps_per_second": 1.692
}