{
    "predict_bleu-4": 34.795475,
    "predict_model_preparation_time": 0.0041,
    "predict_rouge-1": 77.56410256410257,
    "predict_rouge-2": 0.0,
    "predict_rouge-l": 77.56410256410257,
    "predict_runtime": 79.1649,
    "predict_samples_per_second": 15.765,
    "predict_steps_per_second": 1.971
}