{
    "epoch": 2.9986492570914,
    "eval_loss": 0.021604394540190697,
    "eval_runtime": 405.3136,
    "eval_samples_per_second": 3.079,
    "eval_steps_per_second": 0.77,
    "total_flos": 1.4373461054862655e+19,
    "train_loss": 0.11551519622019417,
    "train_runtime": 95935.7049,
    "train_samples_per_second": 1.111,
    "train_steps_per_second": 0.035
}