{
    "predict_bleu-4": 62.50875096153847,
    "predict_model_preparation_time": 0.003,
    "predict_rouge-1": 90.22435897435898,
    "predict_rouge-2": 0.0,
    "predict_rouge-l": 90.22435897435898,
    "predict_runtime": 249.3063,
    "predict_samples_per_second": 5.006,
    "predict_steps_per_second": 1.251
}