{
    "epoch": 2.9986492570914,
    "eval_loss": 0.036504268646240234,
    "eval_runtime": 297.0372,
    "eval_samples_per_second": 4.201,
    "eval_steps_per_second": 1.05
}