{
    "epoch": 2.9986492570914,
    "eval_loss": 0.05634284019470215,
    "eval_runtime": 176.5871,
    "eval_samples_per_second": 7.067,
    "eval_steps_per_second": 1.767
}