{
    "predict_bleu-4": 59.2438189102564,
    "predict_model_preparation_time": 0.0028,
    "predict_rouge-1": 85.49679487179488,
    "predict_rouge-2": 0.0,
    "predict_rouge-l": 85.49679487179488,
    "predict_runtime": 233.407,
    "predict_samples_per_second": 5.347,
    "predict_steps_per_second": 1.337
}