{
    "epoch": 3.0,
    "eval_loss": 0.15605247020721436,
    "eval_runtime": 63.9887,
    "eval_samples_per_second": 19.503,
    "eval_steps_per_second": 2.438,
    "total_flos": 1.3487620833400586e+18,
    "train_loss": 0.8619926710548641,
    "train_runtime": 9541.9282,
    "train_samples_per_second": 5.331,
    "train_steps_per_second": 0.083
}