{
    "epoch": 2.9986492570914,
    "eval_loss": 0.048039816319942474,
    "eval_runtime": 270.1732,
    "eval_samples_per_second": 4.619,
    "eval_steps_per_second": 1.155
}