{
    "predict_bleu-4": 40.496222035256416,
    "predict_model_preparation_time": 0.0029,
    "predict_rouge-1": 88.70192307692308,
    "predict_rouge-2": 0.0,
    "predict_rouge-l": 88.70192307692308,
    "predict_runtime": 281.1861,
    "predict_samples_per_second": 4.438,
    "predict_steps_per_second": 1.11
}