{
    "epoch": 2.9986492570914,
    "total_flos": 1.0575763024499442e+19,
    "train_loss": 0.4751063055954538,
    "train_runtime": 60059.2661,
    "train_samples_per_second": 1.775,
    "train_steps_per_second": 0.055
}