{
    "epoch": 3.0,
    "eval_loss": 0.2224428653717041,
    "eval_runtime": 222.635,
    "eval_samples_per_second": 5.606,
    "eval_steps_per_second": 1.401,
    "total_flos": 4.2938030205603676e+18,
    "train_loss": 0.373601829480825,
    "train_runtime": 29564.7661,
    "train_samples_per_second": 1.721,
    "train_steps_per_second": 0.054
}