{
    "epoch": 2.9986492570914,
    "eval_loss": 0.026615800336003304,
    "eval_runtime": 257.8085,
    "eval_samples_per_second": 4.841,
    "eval_steps_per_second": 1.21,
    "total_flos": 1.0462291960935743e+19,
    "train_loss": 0.08977636006778224,
    "train_runtime": 53756.5351,
    "train_samples_per_second": 1.983,
    "train_steps_per_second": 0.062
}