{
    "predict_bleu-4": 41.99445240384616,
    "predict_model_preparation_time": 0.0051,
    "predict_rouge-1": 91.50641025641026,
    "predict_rouge-2": 0.0,
    "predict_rouge-l": 91.50641025641026,
    "predict_runtime": 391.1005,
    "predict_samples_per_second": 3.191,
    "predict_steps_per_second": 0.798
}