{
    "epoch": 3.0,
    "eval_loss": 0.18115803599357605,
    "eval_runtime": 91.5087,
    "eval_samples_per_second": 13.638,
    "eval_steps_per_second": 1.705,
    "total_flos": 2.32356508043785e+18,
    "train_loss": 0.4109474288967421,
    "train_runtime": 10770.2317,
    "train_samples_per_second": 4.723,
    "train_steps_per_second": 0.074
}