{
    "epoch": 3.0,
    "eval_loss": 0.20068314671516418,
    "eval_runtime": 247.7888,
    "eval_samples_per_second": 5.037,
    "eval_steps_per_second": 1.259,
    "total_flos": 4.673653589678227e+18,
    "train_loss": 0.526619165948352,
    "train_runtime": 28202.8206,
    "train_samples_per_second": 1.804,
    "train_steps_per_second": 0.056
}