{
    "predict_bleu-4": 62.41346185897437,
    "predict_model_preparation_time": 0.0031,
    "predict_rouge-1": 90.06410256410257,
    "predict_rouge-2": 0.0,
    "predict_rouge-l": 90.06410256410257,
    "predict_runtime": 273.4697,
    "predict_samples_per_second": 4.564,
    "predict_steps_per_second": 1.141
}