{
    "epoch": 2.9986492570914,
    "eval_loss": 0.03246396407485008,
    "eval_runtime": 52.4843,
    "eval_samples_per_second": 23.779,
    "eval_steps_per_second": 5.945
}