{
    "predict_bleu-4": 27.55983125,
    "predict_model_preparation_time": 0.0027,
    "predict_rouge-1": 62.66025641025641,
    "predict_rouge-2": 0.0,
    "predict_rouge-l": 62.66025641025641,
    "predict_runtime": 74.0977,
    "predict_samples_per_second": 16.843,
    "predict_steps_per_second": 2.105
}