{
    "epoch": 6.0,
    "eval_loss": 0.13387145102024078,
    "eval_runtime": 198.6838,
    "eval_samples_per_second": 6.281,
    "eval_steps_per_second": 1.57,
    "total_flos": 2.0324448583412613e+18,
    "train_loss": 0.06294848970459692,
    "train_runtime": 16053.4555,
    "train_samples_per_second": 6.338,
    "train_steps_per_second": 0.198
}