{
    "epoch": 3.0,
    "total_flos": 1.6793157855598346e+18,
    "train_loss": 0.21965061366183203,
    "train_runtime": 14702.9989,
    "train_samples_per_second": 3.46,
    "train_steps_per_second": 0.108
}