{
    "epoch": 3.0,
    "eval_loss": 0.14556507766246796,
    "eval_runtime": 219.4103,
    "eval_samples_per_second": 5.688,
    "eval_steps_per_second": 0.711,
    "total_flos": 7.682074515324535e+18,
    "train_loss": 0.36978714561687326,
    "train_runtime": 27310.6898,
    "train_samples_per_second": 1.863,
    "train_steps_per_second": 0.029
}