{
    "predict_bleu-4": 41.09256282051282,
    "predict_model_preparation_time": 0.0031,
    "predict_rouge-1": 60.9775641025641,
    "predict_rouge-2": 0.0,
    "predict_rouge-l": 60.9775641025641,
    "predict_runtime": 170.7395,
    "predict_samples_per_second": 7.309,
    "predict_steps_per_second": 1.218
}