{
    "predict_bleu-4": 41.88837716346154,
    "predict_model_preparation_time": 0.0031,
    "predict_rouge-1": 91.26602564102564,
    "predict_rouge-2": 0.0,
    "predict_rouge-l": 91.26602564102564,
    "predict_runtime": 216.4649,
    "predict_samples_per_second": 5.765,
    "predict_steps_per_second": 1.441
}