{
    "epoch": 2.9986492570914,
    "eval_loss": 0.03890307620167732,
    "eval_runtime": 272.6261,
    "eval_samples_per_second": 4.578,
    "eval_steps_per_second": 1.144
}