{
    "epoch": 3.0,
    "eval_loss": 0.06540518254041672,
    "eval_runtime": 162.7024,
    "eval_samples_per_second": 7.67,
    "eval_steps_per_second": 0.959,
    "total_flos": 5.917400619517215e+18,
    "train_loss": 0.5351358659799744,
    "train_runtime": 19994.9473,
    "train_samples_per_second": 2.544,
    "train_steps_per_second": 0.04
}