{
    "epoch": 3.0,
    "eval_loss": 0.3184501528739929,
    "eval_runtime": 224.1882,
    "eval_samples_per_second": 5.567,
    "eval_steps_per_second": 1.392,
    "total_flos": 4.0416523367900774e+18,
    "train_loss": 0.7984667365655959,
    "train_runtime": 25342.332,
    "train_samples_per_second": 2.007,
    "train_steps_per_second": 0.063
}