{
    "epoch": 3.0,
    "eval_loss": 0.1781434267759323,
    "eval_runtime": 222.8341,
    "eval_samples_per_second": 5.601,
    "eval_steps_per_second": 1.4,
    "total_flos": 4.2683895702209167e+18,
    "train_loss": 0.20064730591743998,
    "train_runtime": 24162.7766,
    "train_samples_per_second": 2.105,
    "train_steps_per_second": 0.066
}