{
    "predict_bleu-4": 59.9632762820513,
    "predict_model_preparation_time": 0.0032,
    "predict_rouge-1": 86.93910256410257,
    "predict_rouge-2": 0.0,
    "predict_rouge-l": 86.93910256410257,
    "predict_runtime": 273.767,
    "predict_samples_per_second": 4.559,
    "predict_steps_per_second": 1.14
}