{
    "predict_bleu-4": 35.68423846153846,
    "predict_model_preparation_time": 0.0042,
    "predict_rouge-1": 78.84615384615384,
    "predict_rouge-2": 0.0,
    "predict_rouge-l": 78.84615384615384,
    "predict_runtime": 45.8094,
    "predict_samples_per_second": 27.243,
    "predict_steps_per_second": 3.405
}