{
    "epoch": 2.9986492570914,
    "eval_loss": 0.08666986972093582,
    "eval_runtime": 288.0668,
    "eval_samples_per_second": 4.332,
    "eval_steps_per_second": 1.083,
    "total_flos": 1.097164695523872e+19,
    "train_loss": 0.19746167633805548,
    "train_runtime": 76523.8692,
    "train_samples_per_second": 1.393,
    "train_steps_per_second": 0.044
}