{
    "epoch": 2.9986492570914,
    "eval_loss": 0.08666986972093582,
    "eval_runtime": 288.0668,
    "eval_samples_per_second": 4.332,
    "eval_steps_per_second": 1.083
}