{
    "predict_bleu-4": 27.81380809294872,
    "predict_model_preparation_time": 0.0031,
    "predict_rouge-1": 91.18589743589743,
    "predict_rouge-2": 0.0,
    "predict_rouge-l": 91.18589743589743,
    "predict_runtime": 256.149,
    "predict_samples_per_second": 4.872,
    "predict_steps_per_second": 1.218
}