{
    "epoch": 3.0,
    "total_flos": 2.1808889654463693e+17,
    "train_loss": 0.22071621417999268,
    "train_runtime": 4920.4011,
    "train_samples_per_second": 10.339,
    "train_steps_per_second": 0.323
}