{
    "predict_bleu-4": 41.42409262820513,
    "predict_model_preparation_time": 0.0025,
    "predict_rouge-1": 62.09935897435897,
    "predict_rouge-2": 0.0,
    "predict_rouge-l": 62.09935897435897,
    "predict_runtime": 76.5947,
    "predict_samples_per_second": 16.294,
    "predict_steps_per_second": 4.073
}