{
    "predict_bleu-4": 61.010052884615384,
    "predict_model_preparation_time": 0.0032,
    "predict_rouge-1": 88.30128205128206,
    "predict_rouge-2": 0.0,
    "predict_rouge-l": 88.30128205128206,
    "predict_runtime": 248.6611,
    "predict_samples_per_second": 5.019,
    "predict_steps_per_second": 1.255
}