{
    "epoch": 2.9986492570914,
    "eval_loss": 0.06099633499979973,
    "eval_runtime": 270.9037,
    "eval_samples_per_second": 4.607,
    "eval_steps_per_second": 1.152
}