{
    "predict_bleu-4": 59.089324999999995,
    "predict_model_preparation_time": 0.0031,
    "predict_rouge-1": 85.33653846153847,
    "predict_rouge-2": 0.0,
    "predict_rouge-l": 85.33653846153847,
    "predict_runtime": 262.2379,
    "predict_samples_per_second": 4.759,
    "predict_steps_per_second": 1.19
}