{
    "predict_bleu-4": 17.543148878205127,
    "predict_model_preparation_time": 0.0031,
    "predict_rouge-1": 62.09935897435897,
    "predict_rouge-2": 0.0,
    "predict_rouge-l": 62.09935897435897,
    "predict_runtime": 244.5032,
    "predict_samples_per_second": 5.104,
    "predict_steps_per_second": 1.276
}