{
    "epoch": 2.9968164131588257,
    "eval_loss": 0.14406384527683258,
    "eval_runtime": 195.4482,
    "eval_samples_per_second": 6.385,
    "eval_steps_per_second": 1.064
}