{
    "epoch": 2.9986492570914,
    "eval_loss": 0.05916452407836914,
    "eval_runtime": 199.298,
    "eval_samples_per_second": 6.262,
    "eval_steps_per_second": 1.565
}