{
    "predict_bleu-4": 27.740986778846153,
    "predict_model_preparation_time": 0.0033,
    "predict_rouge-1": 64.0224358974359,
    "predict_rouge-2": 0.0,
    "predict_rouge-l": 64.0224358974359,
    "predict_runtime": 268.6323,
    "predict_samples_per_second": 4.646,
    "predict_steps_per_second": 1.161
}