{
    "all": {
        "max": 8.027831344613187,
        "min": 0.22683708374803171,
        "median": 0.9595618762295703,
        "mean": 1.0733686067330248,
        "std": 0.5473147404475394,
        "upper_quartile": 1.1542204035638575,
        "lower_quartile": 0.8023908022387346
    },
    "O0": {
        "max": 4.599221225171548,
        "min": 0.2654068876737829,
        "median": 0.8139802717717182,
        "mean": 0.881256433675657,
        "std": 0.3799505817306139,
        "upper_quartile": 0.9576267226184045,
        "lower_quartile": 0.6938078042410616
    },
    "O1": {
        "max": 4.253734969504487,
        "min": 0.32760047372814805,
        "median": 0.9671939272121914,
        "mean": 1.0534158619241476,
        "std": 0.4745303702825103,
        "upper_quartile": 1.1519576653724362,
        "lower_quartile": 0.7899659013844557
    },
    "O2": {
        "max": 5.572931802104532,
        "min": 0.22683708374803171,
        "median": 0.9700538714279024,
        "mean": 1.1234071282788312,
        "std": 0.6061985964726982,
        "upper_quartile": 1.1694894949808452,
        "lower_quartile": 0.8322621440957343
    },
    "O3": {
        "max": 6.044993342514105,
        "min": 0.32315128938536714,
        "median": 0.9771177394077607,
        "mean": 1.1131976497481118,
        "std": 0.5854685149446074,
        "upper_quartile": 1.1703088888613764,
        "lower_quartile": 0.8416112923274679
    },
    "Os": {
        "max": 8.027831344613187,
        "min": 0.3164501832456247,
        "median": 1.04642339260116,
        "mean": 1.1757207586950322,
        "std": 0.5976992246008868,
        "upper_quartile": 1.2205820131629925,
        "lower_quartile": 0.8828079918300145
    }
}