{
    "all": {
        "max": 5.323346280296101,
        "min": 0.16682407521030937,
        "median": 0.8816060726653352,
        "mean": 0.9944223237960252,
        "std": 0.5168720265700195,
        "upper_quartile": 1.0788902669739993,
        "lower_quartile": 0.7336438945223037
    },
    "O0": {
        "max": 5.323346280296101,
        "min": 0.16682407521030937,
        "median": 0.841689076766097,
        "mean": 0.9247833520400006,
        "std": 0.4778864136807892,
        "upper_quartile": 1.0206442663421955,
        "lower_quartile": 0.6801406736630489
    },
    "O1": {
        "max": 5.323346280296101,
        "min": 0.2973426179369362,
        "median": 0.8866241285735688,
        "mean": 1.0006852604257719,
        "std": 0.511120627593043,
        "upper_quartile": 1.0852889378959945,
        "lower_quartile": 0.7378883538448051
    },
    "O2": {
        "max": 5.1411856649615615,
        "min": 0.3499727436793267,
        "median": 0.8844956824193768,
        "mean": 1.0055196662672936,
        "std": 0.525106496218942,
        "upper_quartile": 1.1008911173874079,
        "lower_quartile": 0.74602697889857
    },
    "O3": {
        "max": 5.323346280296101,
        "min": 0.3438727634266496,
        "median": 0.8699451683995607,
        "mean": 0.9928958293059778,
        "std": 0.5255727944042214,
        "upper_quartile": 1.0560917227707236,
        "lower_quartile": 0.722771692041339
    },
    "Os": {
        "max": 5.134873555856503,
        "min": 0.27466144055815644,
        "median": 0.9165412492541194,
        "mean": 1.0396645400861733,
        "std": 0.5327377924048209,
        "upper_quartile": 1.1091803085766054,
        "lower_quartile": 0.7780126510695314
    }
}