{
    "all": {
        "max": 4.015656500749613,
        "min": 0.1408408099990375,
        "median": 0.8227533178453974,
        "mean": 0.8700929898543333,
        "std": 0.39207699560703485,
        "upper_quartile": 1.017030510885133,
        "lower_quartile": 0.6264153117026618
    }
}