{
    "epoch": 2.9986492570914,
    "eval_loss": 0.02080639824271202,
    "eval_runtime": 367.1898,
    "eval_samples_per_second": 3.399,
    "eval_steps_per_second": 0.85,
    "total_flos": 1.4373461054862655e+19,
    "train_loss": 0.10910700373687186,
    "train_runtime": 87855.1134,
    "train_samples_per_second": 1.213,
    "train_steps_per_second": 0.038
}