{
    "epoch": 2.9986492570914,
    "eval_loss": 0.02080639824271202,
    "eval_runtime": 367.1898,
    "eval_samples_per_second": 3.399,
    "eval_steps_per_second": 0.85
}