{
    "epoch": 2.9968164131588257,
    "total_flos": 5.126011604487373e+18,
    "train_loss": 0.45821518848480425,
    "train_runtime": 21209.2014,
    "train_samples_per_second": 2.399,
    "train_steps_per_second": 0.05
}