{
    "predict_bleu-4": 33.83163125,
    "predict_model_preparation_time": 0.0231,
    "predict_rouge-1": 75.16025641025641,
    "predict_rouge-2": 0.0,
    "predict_rouge-l": 75.16025641025641,
    "predict_runtime": 175.2015,
    "predict_samples_per_second": 7.123,
    "predict_steps_per_second": 0.89
}