{
    "epoch": 2.9986492570914,
    "eval_loss": 0.09447620809078217,
    "eval_runtime": 271.6541,
    "eval_samples_per_second": 4.594,
    "eval_steps_per_second": 1.149,
    "total_flos": 1.1088433730132378e+19,
    "train_loss": 0.272212534802812,
    "train_runtime": 64415.1308,
    "train_samples_per_second": 1.655,
    "train_steps_per_second": 0.052
}