{
    "epoch": 2.9986492570914,
    "total_flos": 1.1088433730132378e+19,
    "train_loss": 0.272212534802812,
    "train_runtime": 64415.1308,
    "train_samples_per_second": 1.655,
    "train_steps_per_second": 0.052
}