{
    "epoch": 3.0,
    "total_flos": 9.968544962880471e+17,
    "train_loss": 0.6742773888246069,
    "train_runtime": 11601.1855,
    "train_samples_per_second": 4.385,
    "train_steps_per_second": 0.137
}