{
    "predict_bleu-4": 32.274041346153844,
    "predict_model_preparation_time": 0.0031,
    "predict_rouge-1": 71.92841883012821,
    "predict_rouge-2": 0.0,
    "predict_rouge-l": 71.92841883012821,
    "predict_runtime": 197.4101,
    "predict_samples_per_second": 6.322,
    "predict_steps_per_second": 1.58
}