{
    "epoch": 2.998493003229279,
    "eval_loss": 0.3371925950050354,
    "eval_runtime": 91.634,
    "eval_samples_per_second": 13.619,
    "eval_steps_per_second": 3.405
}