{
    "epoch": 2.998493003229279,
    "total_flos": 1.0380022579850117e+18,
    "train_loss": 0.19093180905984736,
    "train_runtime": 10274.8669,
    "train_samples_per_second": 5.424,
    "train_steps_per_second": 0.169
}