{
    "epoch": 3.0,
    "eval_loss": 0.28181886672973633,
    "eval_runtime": 263.0106,
    "eval_samples_per_second": 4.745,
    "eval_steps_per_second": 1.186,
    "total_flos": 4.979703971972121e+18,
    "train_loss": 0.4761426496055891,
    "train_runtime": 31752.538,
    "train_samples_per_second": 1.602,
    "train_steps_per_second": 0.05
}