{
    "all": {
        "max_token_length": 20642,
        "min_token_length": 20,
        "mean_token_length": 707.0114471073937,
        "median_token_length": 438.0,
        "mean_cutoff_token_length": 678.6836362661519,
        "4096_percentage": 98.7024824406198
    }
}