{
    "epoch": 2.9986492570914,
    "eval_loss": 0.07329758256673813,
    "eval_runtime": 88.262,
    "eval_samples_per_second": 14.14,
    "eval_steps_per_second": 3.535
}