{
    "epoch": 3.0,
    "total_flos": 5.877049064616362e+18,
    "train_loss": 0.5451809528676219,
    "train_runtime": 35235.1474,
    "train_samples_per_second": 1.444,
    "train_steps_per_second": 0.045
}