{
    "epoch": 3.0,
    "total_flos": 4.979753207329718e+18,
    "train_loss": 0.5518999174705841,
    "train_runtime": 31757.6102,
    "train_samples_per_second": 1.602,
    "train_steps_per_second": 0.05
}