{
    "epoch": 2.9986492570914,
    "eval_loss": 0.03545140475034714,
    "eval_runtime": 91.4941,
    "eval_samples_per_second": 13.64,
    "eval_steps_per_second": 3.41
}