{
    "epoch": 2.9968164131588257,
    "eval_loss": 0.3128383755683899,
    "eval_runtime": 182.7414,
    "eval_samples_per_second": 6.829,
    "eval_steps_per_second": 1.138,
    "total_flos": 5.126011604487373e+18,
    "train_loss": 0.5534258825357957,
    "train_runtime": 21199.7627,
    "train_samples_per_second": 2.4,
    "train_steps_per_second": 0.05
}