{
    "predict_bleu-4": 60.7752157051282,
    "predict_model_preparation_time": 0.0033,
    "predict_rouge-1": 87.74038461538461,
    "predict_rouge-2": 0.0,
    "predict_rouge-l": 87.74038461538461,
    "predict_runtime": 274.5262,
    "predict_samples_per_second": 4.546,
    "predict_steps_per_second": 0.568
}