{
    "predict_bleu-4": 63.87128653846154,
    "predict_model_preparation_time": 0.0033,
    "predict_rouge-1": 91.58653846153847,
    "predict_rouge-2": 0.0,
    "predict_rouge-l": 91.58653846153847,
    "predict_runtime": 272.8893,
    "predict_samples_per_second": 4.573,
    "predict_steps_per_second": 1.143
}