{
    "predict_bleu-4": 43.88245288461539,
    "predict_model_preparation_time": 0.0025,
    "predict_rouge-1": 65.30448717948718,
    "predict_rouge-2": 0.0,
    "predict_rouge-l": 65.30448717948718,
    "predict_runtime": 76.4354,
    "predict_samples_per_second": 16.328,
    "predict_steps_per_second": 4.082
}