{
    "predict_bleu-4": 23.75805769230769,
    "predict_model_preparation_time": 0.0026,
    "predict_rouge-1": 55.12820512820513,
    "predict_rouge-2": 0.0,
    "predict_rouge-l": 55.12820512820513,
    "predict_runtime": 92.0373,
    "predict_samples_per_second": 13.56,
    "predict_steps_per_second": 1.695
}