{
    "epoch": 2.998493003229279,
    "eval_loss": 0.3328193128108978,
    "eval_runtime": 51.3891,
    "eval_samples_per_second": 24.285,
    "eval_steps_per_second": 6.071
}