{
    "predict_bleu-4": 26.523871153846155,
    "predict_model_preparation_time": 0.0032,
    "predict_rouge-1": 59.05448717948718,
    "predict_rouge-2": 0.0,
    "predict_rouge-l": 59.05448717948718,
    "predict_runtime": 179.4842,
    "predict_samples_per_second": 6.953,
    "predict_steps_per_second": 1.738
}