{
    "epoch": 3.0,
    "total_flos": 1.2094540449264435e+18,
    "train_loss": 0.40595544201772915,
    "train_runtime": 6792.2658,
    "train_samples_per_second": 7.49,
    "train_steps_per_second": 0.117
}